{
  "data" : {
    "lookups" : [
      "free-text",
      "keywords"
    ],
    "name" : "emotion",
    "lang" : "en",
    "exotic" : false,
    "id" : "emotion",
    "values" : [
      {
        "value" : "Angry",
        "expressions" : [
          "angry"
        ]
      },
      {
        "value" : "Happy",
        "expressions" : [
          "happy"
        ]
      },
      {
        "value" : "Sad",
        "expressions" : [
          "sad"
        ]
      }
    ],
    "doc" : "User-defined entity",
    "builtin" : false
  }
}