{
  "data" : {
    "lookups" : [
      "free-text",
      "keywords",
      "trait"
    ],
    "name" : "leftorright",
    "lang" : "en",
    "exotic" : false,
    "id" : "leftorright",
    "values" : [
      {
        "value" : "center"
      },
      {
        "value" : "left",
        "expressions" : [
          "left"
        ]
      },
      {
        "value" : "right",
        "expressions" : [
          "right"
        ]
      }
    ],
    "doc" : "User-defined entity",
    "builtin" : false
  }
}