{
  "data" : {
    "lookups" : [
      "free-text",
      "keywords"
    ],
    "name" : "news",
    "lang" : "en",
    "exotic" : false,
    "id" : "news",
    "values" : [
      {
        "value" : "asia",
        "expressions" : [
          "asia"
        ]
      },
      {
        "value" : "breaking",
        "expressions" : [
          "breaking"
        ]
      },
      {
        "value" : "business",
        "expressions" : [
          "business"
        ]
      },
      {
        "value" : "community",
        "expressions" : [
          "community"
        ]
      },
      {
        "value" : "default"
      },
      {
        "value" : "education",
        "expressions" : [
          "education"
        ]
      },
      {
        "value" : "forum",
        "expressions" : [
          "forum"
        ]
      },
      {
        "value" : "home",
        "expressions" : [
          "home"
        ]
      },
      {
        "value" : "insight",
        "expressions" : [
          "insight"
        ]
      },
      {
        "value" : "invest",
        "expressions" : [
          "invest",
          "investment"
        ]
      },
      {
        "value" : "life",
        "expressions" : [
          "life"
        ]
      },
      {
        "value" : "lifestyle",
        "expressions" : [
          "lifestyle"
        ]
      },
      {
        "value" : "mind and body",
        "expressions" : [
          "mind and body"
        ]
      },
      {
        "value" : "multimedia",
        "expressions" : [
          "multimedia"
        ]
      },
      {
        "value" : "next",
        "expressions" : [
          "next"
        ]
      },
      {
        "value" : "opinion"
      },
      {
        "value" : "politics",
        "expressions" : [
          "politics"
        ]
      },
      {
        "value" : "science",
        "expressions" : [
          "science"
        ]
      },
      {
        "value" : "singapore",
        "expressions" : [
          "local",
          "singapore"
        ]
      },
      {
        "value" : "sport",
        "expressions" : [
          "sport"
        ]
      },
      {
        "value" : "tech",
        "expressions" : [
          "digital",
          "tech"
        ]
      },
      {
        "value" : "world",
        "expressions" : [
          "global",
          "headline",
          "international",
          "world"
        ]
      }
    ],
    "doc" : "community news",
    "builtin" : false
  }
}