{
  "data" : {
    "lookups" : [
      "free-text",
      "keywords",
      "trait"
    ],
    "name" : "radio",
    "lang" : "en",
    "exotic" : false,
    "id" : "radio",
    "values" : [
      {
        "value" : "NextStation",
        "expressions" : [
          "Next radio station",
          "Next station",
          "next radio"
        ]
      },
      {
        "value" : "StartRadio",
        "expressions" : [
          "listen radio",
          "listen the radio",
          "listen to music",
          "listen to radio",
          "listen to the radio",
          "play me some radio",
          "play radio",
          "play some radio"
        ]
      }
    ],
    "doc" : "User-defined entity",
    "builtin" : false
  }
}