{
  "data" : {
    "lookups" : [
      "free-text",
      "keywords",
      "keywords",
      "trait"
    ],
    "name" : "remote",
    "lang" : "en",
    "exotic" : false,
    "id" : "remote",
    "values" : [
      {
        "value" : "ACPowerOff",
        "expressions" : [
          "Turn off aircon",
          "turn off the aircon"
        ]
      },
      {
        "value" : "ACPowerOn",
        "expressions" : [
          "turn on the aircon"
        ]
      },
      {
        "value" : "FanOff",
        "expressions" : [
          "turn off fan",
          "turn off the fan"
        ]
      },
      {
        "value" : "FanOn",
        "expressions" : [
          "turn on fan",
          "turn on the fan"
        ]
      },
      {
        "value" : "HomeBase",
        "expressions" : [
          "go back"
        ]
      },
      {
        "value" : "NextChannel",
        "expressions" : [
          "next channel"
        ]
      },
      {
        "value" : "PreviousChannel",
        "expressions" : [
          "previous channel"
        ]
      },
      {
        "value" : "TVPower",
        "expressions" : [
          "Turn off the TV",
          "Turn on the TV",
          "turn off TV",
          "turn on TV"
        ]
      },
      {
        "value" : "TempDown",
        "expressions" : [
          "temperature down"
        ]
      },
      {
        "value" : "TempUp",
        "expressions" : [
          "temperature up"
        ]
      },
      {
        "value" : "VolumeDown",
        "expressions" : [
          "volume down"
        ]
      },
      {
        "value" : "VolumeUp",
        "expressions" : [
          "volume up"
        ]
      }
    ],
    "doc" : "User-defined entity",
    "builtin" : false
  }
}