{
  "data" : [
    {
      "id" : "function-getDuration",
      "type" : "function",
      "name" : "getDuration"
    },
    {
      "id" : "function-getForcast",
      "type" : "function",
      "name" : "getForcast"
    },
    {
      "id" : "function-getForecast",
      "type" : "function",
      "name" : "getForecast"
    },
    {
      "id" : "function-setAlarm",
      "type" : "function",
      "name" : "setAlarm"
    },
    {
      "id" : "function-setNews",
      "type" : "function",
      "name" : "setNews"
    },
    {
      "id" : "template-Can you tell me the duration ?",
      "type" : "template",
      "template" : "Can you tell me the duration ?"
    },
    {
      "id" : "template-Can you tell me the duration again.",
      "type" : "template",
      "template" : "Can you tell me the duration again."
    },
    {
      "id" : "template-Do you want me to set timer ?",
      "type" : "template",
      "template" : "Do you want me to set timer ?"
    },
    {
      "id" : "template-Do you want me to set timer for {duration}?",
      "type" : "template",
      "template" : "Do you want me to set timer for {duration}?",
      "requirements" : [
        {
          "name" : "duration",
          "negative" : false
        }
      ]
    },
    {
      "id" : "template-Hold on Please .",
      "type" : "template",
      "template" : "Hold on Please ."
    },
    {
      "id" : "template-I want to set timer ",
      "type" : "template",
      "template" : "I want to set timer "
    },
    {
      "id" : "template-No news",
      "type" : "template",
      "template" : "No news"
    },
    {
      "id" : "template-Read {news} intent",
      "type" : "template",
      "template" : "Read {news} intent",
      "requirements" : [
        {
          "name" : "news",
          "negative" : false
        }
      ]
    },
    {
      "id" : "template-Reading {news} news",
      "type" : "template",
      "template" : "Reading {news} news",
      "requirements" : [
        {
          "name" : "news",
          "negative" : false
        }
      ]
    },
    {
      "id" : "template-Set ",
      "type" : "template",
      "template" : "Set "
    },
    {
      "id" : "template-Sorry can you give me the location",
      "type" : "template",
      "template" : "Sorry can you give me the location"
    },
    {
      "id" : "template-Timer set for ",
      "type" : "template",
      "template" : "Timer set for "
    },
    {
      "id" : "template-Timer set for {duration}",
      "type" : "template",
      "template" : "Timer set for {duration}",
      "requirements" : [
        {
          "name" : "duration",
          "negative" : false
        }
      ]
    },
    {
      "id" : "template-When ?",
      "type" : "template",
      "template" : "When ?"
    },
    {
      "id" : "template-Where ?",
      "type" : "template",
      "template" : "Where ?"
    },
    {
      "id" : "template-no intent",
      "type" : "template",
      "template" : "no intent"
    },
    {
      "id" : "template-no news",
      "type" : "template",
      "template" : "no news"
    },
    {
      "id" : "template-ok alarm set at {wit/datetime}",
      "type" : "template",
      "template" : "ok alarm set at {wit/datetime}",
      "requirements" : [
        {
          "name" : "wit/datetime",
          "negative" : false
        }
      ]
    }
  ]
}